id,feature,kind,wow,value,visible,hours,risk,depends
K1,"Paste question, marking scheme and typed answers, or load the sample class",core,1,3,3,0.5,1,
K2,"Marker: per-criterion marks, each with the line from the answer that earned it",core,3,5,5,1.5,2,K1
K3,"Hard checks in code (quote is in the answer, marks add up) and Break it: a bad quote is rejected on screen",core,4,4,5,0.5,1,K2
K4,"Match my marking: teacher marks 6, the tool tunes the scheme until it matches her (up to 3 rounds), teacher approves the scheme",core,5,5,5,1.75,3,K2
K5,Review and approve: teacher edits any mark and approves the class,core,2,4,4,0.5,1,K2
K6,"Proof panel: agreement with the teacher on unseen answers, before and after tuning, beside the human-human baseline; misses listed",core,4,5,4,0.75,2,K4
K7,"Replay of a recorded real run, labelled as recorded",core,1,4,1,0.5,1,K2
W1,"Doubt queue: every answer marked twice, disagreements first, with a same-mark-twice count",wow,4,4,4,1.0,2,K2
W2,"Class mistake map: the criteria most students missed, with counts and quotes",wow,3,5,4,0.5,1,K2
W3,"Strictness dial: the class total under strict, standard and lenient readings",wow,3,2,3,1.0,2,K2
D1,Objective answers marked by exact match in code,depth,1,3,2,0.25,1,K1
S1,"Handwritten photo to typed answer, teacher confirms the transcript",stretch,4,4,3,1.5,4,K1
S2,Batch: a whole paper of several questions for a full class,stretch,2,3,2,1.0,2,K5
S3,Voice feedback in Telugu or Hindi,stretch,3,2,3,1.5,4,K2
S4,Story landing page,stretch,3,1,2,3.0,3,
