gate,time,must_be_true,status,recovery
H0 Hacking starts,2026-10-03 11:30,The list is in inputs/problem-statements; P1 and B0 are running,DONE,Start P1 the moment the list is readable
G1 Problem approved,2026-10-03 12:30,02 decision APPROVED,DONE,The recommendation stands 10 minutes after the decision is shown
G2 Plan READY,2026-10-03 17:15,06 is READY and scope freeze 1 is written,DONE,Cut P4 to palette plus one screen; keep the P5 defaults
G3 Skeleton live,2026-10-03 18:00,/app opens on the live URL in our design,DONE,Skip styling and start step 1
G4 Hero path on the mock,2026-10-03 20:15,The run streams on the live URL; the planned sad path works; one real run done,,SHRINK ladder steps 3-4
G5 MVP real mechanism,2026-10-03 22:30,3 clean hero runs on the live URL with the real model and real checks,,SHRINK ladder steps 3-5; no extras tonight
G6 Round-1 freeze,2026-10-03 23:15,AUDIT done; tag pushed; backup video recorded; round-1 kit ready,,Show the replay and say what is live and what is recorded
R1 Jury round 1,2026-10-04 00:00,Pitched; every word of the feedback written down,,Pitch what is DONE-TESTED; never skip the round
G7 Top 3 complete,2026-10-04 03:30,Top 3 features tested; one jury suggestion built; tag pushed,,Drop the weakest of the top 3
G8 Code freeze,2026-10-04 05:00,Only fixes after this,,Hide anything not DONE-TESTED behind its flag
G9 Submittable,2026-10-04 07:00,Repo live URL README deck and backup video ready; AUDIT GO,,Submit what works and cut the rest from the deck
R2 Final round,2026-10-04 08:30,In place 10 minutes early,,Pitch with the replay if the live run fails
