a,b,judge,winner
C3,C6,Faculty juror,C6
C2,C5,Technical juror,C2
C3,C2,Lecturer (problem owner),C2
C6,C5,Industry mentor,C5
C5,C1,"Speaker (one hero, clean path)",C1
C2,C5,Lecturer (problem owner),C5
C4,C5,Technical juror,C5
C6,C4,Industry mentor,C6
C2,C5,Industry mentor,C2
C5,C4,Faculty juror,C5
C6,C5,Technical juror,C5
C4,C1,Lecturer (problem owner),C1
C6,C2,"Speaker (one hero, clean path)",C2
C3,C4,Faculty juror,C4
C5,C1,Technical juror,C1
C5,C4,"Speaker (one hero, clean path)",C5
C2,C3,Industry mentor,C2
C5,C1,Lecturer (problem owner),C5
C2,C5,"Speaker (one hero, clean path)",C2
C6,C4,Technical juror,C6
C5,C1,Faculty juror,C1
C4,C3,Industry mentor,C4
C6,C3,Lecturer (problem owner),C3
C5,C3,Technical juror,C5
C2,C1,Technical juror,C2
C1,C6,Industry mentor,C1
C3,C2,Faculty juror,C2
C1,C6,"Speaker (one hero, clean path)",C1
C1,C3,Lecturer (problem owner),C1
C1,C2,Faculty juror,C2
C2,C1,Industry mentor,C1
C1,C2,"Speaker (one hero, clean path)",C1
C2,C1,Lecturer (problem owner),C2
C1,C2,Technical juror,C2
C2,C1,Round-1 juror at midnight (does it work?),C1
