id,title,importance,pain,impact,existing,gap,scalability,build24,feasibility,data,demo,lowrisk,innovation,agentic,competition,pitch,kill
AI-TEACHING-ASSIGNMENT-EVALUATION-ASSISTANT,AI Teaching & Assignment Evaluation Assistant,4 E [P35],4 E [P2][P35],5 E [P28],2 E [P36][P2],3 J,4 J,4 J,4 J,4 E [P28],4 J,3 J,4 J,3 J,2 J,4 J,
AI-FACULTY-TIMETABLE-CONFLICT-RESOLUTION-AGENT,AI Faculty Timetable Conflict Resolution Agent,3 J,3 E [P3],4 J,2 E [P3][P30],2 E [P37],4 J,4 J,4 J,4 J,5 J,4 J,2 J,3 J,3 J,4 J,
AUTONOMOUS-PRODUCT-RETURN-RESOLUTION-AGENT,Autonomous Product Return Resolution Agent,4 E [P43],4 E [P43][P13],3 J,2 E [P31][P44],2 E [P44],4 J,4 J,3 J,3 J,4 J,4 J,3 J,4 J,3 J,3 J,
ACCESSIBLE-DIGITAL-PUBLIC-SERVICE-EXPERIENCE,Accessible Digital Public Service Experience,5 E [P4],5 E [P4],3 J,1 E [P34][P38],3 E [P4],5 J,3 J,3 J,3 E [P39],4 J,3 J,2 J,3 J,2 J,4 J,
SMART-HOSTEL-COMPLAINT-MANAGEMENT-PLATFORM,Smart Hostel Complaint Management Platform,2 J,4 J,2 J,2 T [P6],2 J,3 J,5 J,5 J,3 J,4 J,5 J,1 J,2 J,1 J,4 J,
AI-WHATSAPP-ORDER-AGENT-FOR-LOCAL-STORES,AI WhatsApp Order Agent for Local Stores,3 J,3 E [P40],3 J,2 E [P41][P8],2 E [P41],4 J,3 J,3 J,3 E [P42],5 J,3 J,2 J,3 J,2 J,5 J,
AI-MARKETING-CAMPAIGN-DIAGNOSIS-AGENT,AI Marketing Campaign Diagnosis Agent,3 J,3 J,4 J,2 T [P11],2 J,4 J,4 J,2 J,3 J,4 J,4 J,3 J,4 J,4 J,3 J,
AI-RESEARCH-LITERATURE-DISCOVERY-AGENT,AI Research Literature Discovery Agent,3 J,3 J,3 J,1 T [P7],2 J,4 J,4 J,4 J,4 J,4 J,4 J,2 J,4 J,2 J,3 J,
AI-SOFTWARE-INCIDENT-RESPONSE-AGENT,AI Software Incident Response Agent,4 J,4 J,3 J,2 T [P14],2 J,3 J,3 J,2 J,4 T [P14],3 J,2 J,3 J,5 J,4 J,2 J,
AI-MOCK-INTERVIEW-PANEL-AGENT,AI Mock Interview Panel Agent,3 J,4 J,2 J,1 T [P9],1 J,4 J,3 J,4 J,4 J,4 J,2 J,2 J,3 J,1 J,4 J,
AI-GIG-WORKER-EARNINGS-OPTIMIZATION-ASSISTANT,AI Gig Worker Earnings Optimization Assistant,5 T [P21],5 T [P21],2 J,4 T [P21],3 J,3 J,3 J,2 J,2 J,3 J,2 J,3 J,2 J,3 J,4 J,
