id,title,domain,theme,summary,outcome,pain,agentic,build,data,demo,room,kill,pick,text
ACCESSIBLE-DIGITAL-PUBLIC-SERVICE-EXPERIENCE,Accessible Digital Public Service Experience,Web Development; Vibe Coding; Agentic AI,GovTech,"Citizen describes situation; gets eligible services, document checklist, guided application","Services easier to discover, understand, apply for and track",5 T [P4],4 J,3 J,4 J,4 J,2 T [P5],,,"ACCESSIBLE-DIGITAL-PUBLIC-SERVICE-EXPERIENCE Advanced General
Accessible Digital Public Service Experience
Web Development Vibe Coding Agentic AI
INDUSTRY PLATFORM / TECH
Government / Public Services / GovTech / AI/ML, Agentic AI, Web Application, Mobile
Digital Inclusion Application, NLP, Multilingual AI, Accessibility
Technologies, Workflow Automation
SCOPE
Digital Public Services / Citizen Experience / Accessibility / Inclusive Service Delivery
DESCRIPTION
Develop an accessible digital public-service platform that makes government services easier to
discover, understand, apply for, and track. The platform should reduce complexity in navigating
government services and support citizens with different digital skills, languages, accessibility needs,
and connectivity conditions. A unified, citizen-centred experience can help reduce fragmented
service journeys, while accessible design and assisted guidance can address barriers faced by users
with disabilities or limited digital literacy.
KEY DELIVERABLES
Centralized public-service discovery
Citizen registration and secure authentication
Search and categorization of government services
Simple step-by-step service guidance
Eligibility and required-document guidance
Online application/request submission
Document upload and management
Application status tracking
Notifications and service updates
AI-powered citizen assistance
Natural-language service search and guidance
Multilingual support, including Indian languages
Voice-based assistance where applicable
Accessibility support for users with disabilities
Screen-reader-friendly interfaces
Adjustable text/display and accessible navigation
Low-bandwidth-friendly experience
Assisted digital workflows for users with limited digital literacy
Service-specific FAQs and knowledge base
Appointment/office information where applicable
Admin dashboard for service and content management
Application/request management
Citizen feedback mechanism
Service usage and accessibility analytics
Secure handling of citizen information
Audit trail and activity history"
AI-ASSISTANT-FOR-WORKERS,AI Assistant for Workers,Web Development; Agentic AI,Productivity,,Workers manage daily tasks through natural-language help,2 J,2 J,3 J,2 J,2 J,,"vague: 'workers' of any category, no single job named; 36 generic deliverables",,"AI-ASSISTANT-FOR-WORKERS Advanced General
AI Assistant for Workers
Web Development Agentic AI
INDUSTRY PLATFORM / TECH
Workforce / Gig Economy / Labour Services / Agentic AI, Generative AI, LLMs, NLP, Web
Enterprise Application, Mobile Application, Workflow
Automation, Notifications, Data Analytics
SCOPE
Worker Assistance / Task Management / Workplace Support / Productivity / Communication
DESCRIPTION
Develop an AI-powered assistant that helps workers manage their day-to-day work activities,
understand assigned tasks, access relevant information, and receive timely assistance. The assistant
should adapt to the worker's role, responsibilities, working context, and current tasks.
It should help workers understand instructions, prioritize tasks, track progress, receive reminders,
resolve routine queries, and access relevant workplace information through natural-language
interaction. The system should support different categories of workers and remain usable for workers
with varying levels of digital literacy.
KEY DELIVERABLES
Worker registration and profile management
Role and job-type configuration
Work responsibilities and task management
Daily task and work-plan management
Task assignment and status tracking
AI-powered task prioritization
Deadline and priority management
Natural-language worker assistant
Work-instruction understanding
Workplace information and knowledge access
Context-aware answers and suggestions
Task-related Q&A
Step-by-step guidance for routine work
Follow-up and action-item identification
Work reminders and notifications
Shift and schedule information
Attendance/work-status integration where applicable
Progress tracking
Completed and pending task views
Daily/weekly work summaries
AI-generated task summaries
Role-specific recommendations
Multilingual support
Voice-based interaction where applicable
Low-literacy-friendly interaction
Low-bandwidth support
Worker feedback mechanism
Supervisor/manager dashboard where permitted
Task and workforce analytics
Performance and workload insights
Escalation of issues to supervisors
Role-based access control
Secure worker and workplace data
Audit trail for important actions
Human control over consequential workplace decisions"
AI-AUTOMATED-MARKETING-PUBLISHING-AGENT,AI Automated Marketing Publishing Agent,Web Development; Agentic AI,Marketing,"Agent schedules and publishes approved posts across social channels, then monitors performance","Prepare, schedule, publish and monitor content with human approval",3 J,4 J,3 J,2 J,3 J,1 T [P26],,,"AI-AUTOMATED-MARKETING-PUBLISHING-AGENT Advanced General
AI Automated Marketing Publishing Agent
Web Development Agentic AI
INDUSTRY PLATFORM / TECH
Marketing / Advertising / E-Commerce / Agentic AI, Generative AI, LLMs, NLP, Web
Digital Media Application, Social Media APIs, Content
Management, Workflow Automation,
Scheduling, Analytics
SCOPE
Marketing Automation / Content Publishing / Campaign Management / Social Media Management
DESCRIPTION
Develop an AI-powered marketing publishing agent that helps businesses automate the process of
preparing, scheduling, publishing, and monitoring marketing content across digital channels. The agent
should use campaign objectives, target audience, content assets, publishing schedules, and platform
requirements to coordinate marketing activities. It should assist with content selection, scheduling,
publishing workflows, performance monitoring, and follow-up actions while keeping users in control of
important publishing decisions.
KEY DELIVERABLES
Business/brand profile management
Campaign creation and management
Marketing objective configuration
Target audience management
Content and media asset management
AI-assisted content preparation
Platform-specific content adaptation
Social media/channel integration
Content calendar
Publishing schedule management
AI-powered publishing recommendations
Automated post scheduling
Multi-channel publishing
Draft and approval workflow
Human approval before publishing
Automated publishing workflows
Campaign status tracking
Post-performance monitoring
Engagement analytics
Reach and interaction tracking
Content performance comparison
AI-generated campaign summaries
Performance-based recommendations
Re-publishing/follow-up suggestions
Notifications and publishing reminders
Publishing history
Dashboard and analytics
Role-based access control
Campaign reports and data export
Secure API and platform integrations"
AI-BUSINESS-ASSISTANT-FOR-LOCAL-RETAIL-STORES,AI Business Assistant for Local Retail Stores,Web Development; Agentic AI,Commerce,Shop owner asks questions of sales and stock data; gets alerts and restock advice,"Insights, answers and recommended actions from store data",4 J,2 J,4 J,3 J,3 J,2 T [P18],,,"AI-BUSINESS-ASSISTANT-FOR-LOCAL-RETAIL-STORES Advanced General
AI Business Assistant for Local Retail Stores
Web Development Agentic AI
INDUSTRY PLATFORM / TECH
Retail / Local Commerce / Small Business Agentic AI, AI/ML, Generative AI, NLP, Web
Application, Inventory Management, Sales
Analytics, Data Analytics, Workflow
Automation
SCOPE
Retail Business Management / Store Operations / Inventory / Sales / Customer Management
DESCRIPTION
Develop an AI-powered business assistant for local retail stores that helps shop owners manage and
understand their day-to-day business operations. The assistant should use store data such as sales,
inventory, products, customers, and business activity to provide useful insights, answer business-
related questions, identify operational issues, and recommend actions. The system should reduce
manual effort and help local store owners make informed operational decisions.
KEY DELIVERABLES
Store/business profile management
Product catalogue management
Inventory and stock tracking
Sales and transaction management
Customer information management
AI-powered business assistant
Natural-language business queries
Sales and revenue analysis
Inventory analysis
Low-stock and stock-out alerts
Product demand insights
Best-selling and slow-moving product identification
Business performance summaries
AI-generated daily/weekly reports
Actionable business recommendations
Customer and sales trend analysis
Purchase/restocking recommendations
Expense and profitability insights
Notifications and reminders
Dashboard with business analytics
Historical data and trend visualization
Search and filtering
Role-based access controls
Admin configuration
Secure business-data management
Exportable reports and analytics"
AI-CAMPAIGN-CONTENT-GENERATION-AGENT,AI Campaign Content Generation Agent,Web Development; Vibe Coding; Agentic AI,Marketing,Generates on-brand marketing copy variants per channel for human approval,"Campaign content generated, adapted, reviewed and approved",2 J,2 J,5 J,5 J,3 J,1 T [P20],,,"AI-CAMPAIGN-CONTENT-GENERATION-AGENT Advanced General
AI Campaign Content Generation Agent
Web Development Vibe Coding Agentic AI
INDUSTRY PLATFORM / TECH
Marketing / Advertising / E-Commerce / Agentic AI, Generative AI, LLMs, NLP,
Digital Media Multimodal AI, Web Application, Content
Generation, Recommendation Systems
SCOPE
Marketing Content Generation / Campaign Creation / Content Personalization / Creative Automation
DESCRIPTION
Develop an AI-powered campaign content generation agent that helps businesses create marketing
content based on campaign objectives, target audience, brand guidelines, products, offers, and
communication channels. The agent should generate and adapt content for different formats and
audiences while maintaining consistency with the campaign requirements. Users should be able to
review, modify, and approve generated content before it is used.
KEY DELIVERABLES
Brand profile and brand-guideline configuration
Campaign creation and management
Campaign objective definition
Target audience configuration
Product/service information
Offer and promotion details
Content brief generation
AI-powered marketing copy generation
Headlines and taglines
Social media post generation
Advertisement copy generation
Email marketing content
SMS/notification content
Blog and promotional content
Platform-specific content adaptation
Multiple content variations
Tone and style configuration
Language and localization support
Audience-specific personalization
Image/content prompt generation
Multimodal content support where applicable
Content quality and consistency checks
AI-generated content explanations/context
Human review and editing
Content approval workflow
Content version management
Saved campaign assets
Content history
Dashboard and campaign overview
Exportable content
Performance feedback integration for future content generation"
AI-CONTENT-REPURPOSING-PLATFORM,AI Content Repurposing Platform,Web Development; Vibe Coding; Agentic AI,Marketing,"Turns one long video/article into posts, threads and newsletters per platform",Source content transformed into platform-specific formats,2 J,2 J,4 J,4 J,4 J,1 T [P24],,,"AI-CONTENT-REPURPOSING-PLATFORM Advanced General
AI Content Repurposing Platform
Web Development Vibe Coding Agentic AI
INDUSTRY PLATFORM / TECH
Marketing / Media / Advertising / Creator Agentic AI, Generative AI, LLMs, NLP,
Economy / Digital Media Multimodal AI, Web Application, Speech-to-
Text, Text-to-Speech, Image/Video
Processing, Content Management
SCOPE
Content Repurposing / Multichannel Content Creation / Content Transformation / Digital Marketing
DESCRIPTION
Develop an AI-powered content repurposing platform that transforms existing long-form or source
content into multiple platform-specific formats. The system should accept content such as videos,
podcasts, articles, documents, or transcripts and use AI to extract key information and generate
suitable variations for different channels and audiences. It should preserve the core message while
adapting the format, length, tone, and structure for each target platform.
KEY DELIVERABLES
Content upload and source management
Support for video, audio, documents, articles, and text
Video/audio transcription
Content extraction and summarization
Key-point and topic extraction
AI-powered content transformation
Short-form content generation
Social media post generation
LinkedIn post generation
Twitter/X thread generation
Blog/article generation
Email/newsletter content
Video title and description generation
Short-video/reel content suggestions
Caption generation
Content hooks and headline generation
Platform-specific content adaptation
Audience-specific personalization
Tone and style customization
Multiple content variations
Multilingual content generation
Image/video content suggestions
Content calendar or organization
Human review and editing
Content version management
Generated-content history
Export/download options
Content performance tracking where data is available
Dashboard and analytics
AI recommendations for future content reuse"
AI-CREATOR-CONTENT-PLANNING-AGENT,AI Creator Content Planning Agent,Web Development; Agentic AI,Marketing,Creator chats to build and edit a content calendar of ideas,Content ideas organized into an editable calendar,2 J,2 J,5 J,4 J,3 J,1 T [P22],,,"AI-CREATOR-CONTENT-PLANNING-AGENT Advanced General
AI Creator Content Planning Agent
Web Development Agentic AI
INDUSTRY PLATFORM / TECH
Creator Economy / Digital Media / Marketing / Agentic AI, Generative AI, LLMs, NLP,
Social Media Recommendation Systems, Web Application,
Content Calendar, Data Analytics, Social
Media APIs
SCOPE
Content Planning / Creator Workflow Automation / Content Strategy / Social Media Management
DESCRIPTION
Develop an AI-powered content planning agent that helps creators plan and organize their content
strategy across digital platforms. The agent should understand the creator's niche, audience, content
goals, preferred platforms, publishing frequency, and existing content. It should generate content
ideas, organize them into a content calendar, recommend suitable formats and topics, and help
creators maintain a consistent publishing schedule.
The system should support conversational planning, allowing creators to modify ideas, schedules,
topics, and priorities using natural language. It should also analyze available performance information
to provide content-planning insights and suggest future topics or formats.
KEY DELIVERABLES
Creator profile and niche configuration
Target audience and content-goal management
Platform selection and publishing preferences
Content idea generation
Topic and trend suggestions
Content pillar/category management
AI-generated content concepts
Content format recommendations such as video, post, reel, article, or story
Platform-specific content planning
AI-powered content calendar
Daily/weekly/monthly planning
Publishing schedule management
Content prioritization
Conversational content planning assistant
Natural-language modification of planned content
Content idea history and saved ideas
Existing content management
Performance-data analysis where available
Recommendations based on previous content performance
Content consistency and frequency tracking
Notifications and publishing reminders
Calendar and dashboard views
Content status tracking such as idea, planned, in progress, ready, and published
Analytics and planning reports
Export/shareable content calendar
Human review and editing before publishing
Creator-controlled automation settings"
AI-DAILY-OPERATIONS-COPILOT,AI Daily Operations Copilot,Web Development; Vibe Coding; Agentic AI,Productivity,,"Teams get planning, follow-ups and status summaries",2 J,3 J,3 J,2 J,2 J,,"vague: 'teams' and 'operations' with no user, industry or job named",,"AI-DAILY-OPERATIONS-COPILOT Advanced General
AI Daily Operations Copilot
Web Development Vibe Coding Agentic AI
INDUSTRY PLATFORM / TECH
Enterprise / Business Operations / Agentic AI, Generative AI, LLMs, NLP, Web
Productivity Application, Workflow Automation, Task
Management, Notifications, Data Analytics
SCOPE
Daily Operations Management / Workflow Automation / Task Coordination / Operational Decision
Support
DESCRIPTION
Develop an AI-powered operations copilot that helps teams manage and coordinate their day-to-day
operational activities. The copilot should understand ongoing work, pending tasks, priorities,
deadlines, and operational context to provide actionable recommendations. It should assist with
planning, task coordination, follow-ups, status tracking, summaries, and routine operational workflows
while keeping users in control of important actions.
KEY DELIVERABLES
Operations dashboard
Daily operations overview
Task and activity management
Pending-task identification
Priority and urgency classification
AI-powered daily planning
Task prioritization and recommendations
Deadline and SLA tracking
Follow-up and action-item management
Operational workflow management
Natural-language interaction with the copilot
Context-aware operational suggestions
Status and progress tracking
Team task coordination
Notifications and reminders
Daily/weekly operational summaries
AI-generated status reports
Issue and blocker tracking
Escalation management
Recurring operational tasks
Historical activity tracking
Search and filtering
Role-based access control
Configurable automation rules
Operational analytics and reports
Audit trail for AI-assisted actions"
AI-DYNAMIC-TRAVEL-PLANNING-AGENT,AI Dynamic Travel Planning Agent,Web Development; Vibe Coding; Agentic AI,Travel & Mobility,Builds a day-wise itinerary and re-plans when conditions or preferences change,"Personalized itinerary that adapts, with reasoning explained",2 J,4 J,4 J,4 J,4 J,1 T [P19],,,"AI-DYNAMIC-TRAVEL-PLANNING-AGENT Advanced General
AI Dynamic Travel Planning Agent
Web Development Vibe Coding Agentic AI
INDUSTRY PLATFORM / TECH
Travel & Tourism / Hospitality / Transportation Agentic AI, Generative AI, LLMs,
Recommendation Systems, Maps APIs, Web
Application, Real-Time Data, NLP
SCOPE
Travel Planning / Personalized Itinerary Generation / Trip Optimization / Travel Assistance
DESCRIPTION
Develop an AI-powered dynamic travel planning agent that creates personalized travel itineraries
based on user preferences, destination, budget, duration, interests, transportation, accommodation,
and available activities. The agent should be able to adapt the itinerary when travel conditions or user
preferences change, while helping users discover places, organize activities, estimate travel time, and
manage the overall trip plan. The system should provide conversational assistance and explain the
reasoning behind itinerary recommendations.
KEY DELIVERABLES
User profile and travel-preference management
Destination selection
Trip duration and budget configuration
Interest and activity preference selection
AI-generated personalized itinerary
Day-wise trip planning
Attraction and activity recommendations
Restaurant and accommodation recommendations
Transportation planning
Route and distance calculation
Travel-time estimation
Budget estimation and expense breakdown
Schedule and activity optimization
Alternative itinerary suggestions
Conversational travel assistant
Natural-language itinerary modification
Dynamic itinerary updates
Weather/event/availability-aware recommendations where data is available
Map-based itinerary visualization
Booking/reference information integration where applicable
Saved trips and itinerary history
Notifications and travel reminders
Shareable itinerary
Trip dashboard
Travel analytics and expense tracking"
AI-EV-CHARGING-ROUTE-PLANNING-PLATFORM,AI EV Charging & Route Planning Platform,Web Development; Agentic AI,Travel & Mobility,EV driver gets a route with charging stops sized to battery range,Routes and charging stops that avoid range issues,3 J,2 J,3 J,4 T [P23],4 J,2 T [P23],,,"AI-EV-CHARGING-ROUTE-PLANNING-PLATFORM Advanced General
AI EV Charging & Route Planning Platform
Web Development Agentic AI
INDUSTRY PLATFORM / TECH
Electric Mobility / Transportation / CleanTech / AI/ML, Agentic AI, Web Application, Maps API,
Smart Cities Route Optimization, Geolocation, EV Charging
Data, Real-Time Data, Data Analytics
SCOPE
EV Route Planning / Charging Station Discovery / Charging Optimization / Electric Mobility
DESCRIPTION
Develop an AI-powered platform that helps electric vehicle users plan journeys while considering
charging requirements. The system should identify suitable charging stations along a route, estimate
charging needs, and recommend routes based on factors such as distance, vehicle range, charging
availability, travel time, and user preferences. The platform should help users avoid range-related
issues and make informed charging and route decisions.
KEY DELIVERABLES
EV and vehicle profile management
Battery capacity and current charge input
Driving-range estimation
Source and destination selection
Route planning
EV-compatible charging station discovery
Charging station location mapping
Charging availability information
Charging-stop recommendations
AI-powered route optimization
Battery consumption estimation
Charging-time estimation
Travel-time and distance calculation
Multiple route alternatives
Route comparison based on charging and travel requirements
Real-time or simulated charging-status updates
Low-battery and range-risk alerts
Charging-stop notifications
Map-based route visualization
User preference configuration
Saved routes and trip history
Charging and travel analytics
Admin management of charging-station data
Dashboard and reporting
Support for future real-time EV ecosystem integrations"
AI-FACULTY-TIMETABLE-CONFLICT-RESOLUTION-AGENT,AI Faculty Timetable Conflict Resolution Agent,Web Development; Vibe Coding; Agentic AI,Education,Detects faculty/room/class clashes and proposes checked alternatives for admin approval,"Conflicts identified, alternatives recommended, admin approves changes",4 J,4 J,4 J,4 J,5 J,2 T [P3],,,"AI-FACULTY-TIMETABLE-CONFLICT-RESOLUTION-AGENT Advanced General
AI Faculty Timetable Conflict Resolution Agent
Web Development Vibe Coding Agentic AI
INDUSTRY PLATFORM / TECH
Education / Higher Education / Academic Agentic AI, AI/ML, Web Application, Constraint
Administration Optimization, Scheduling Algorithms, Data
Analytics, Notifications
SCOPE
Faculty Timetable Management / Scheduling / Conflict Resolution / Academic Operations
DESCRIPTION
Develop an AI-powered faculty timetable management agent that helps educational institutions
create and maintain conflict-free academic schedules. The system should analyze faculty availability,
subjects, classes, rooms, working hours, and existing timetable constraints to identify scheduling
conflicts and recommend suitable alternatives. The agent should allow administrators to review and
approve suggested changes while maintaining timetable consistency.
KEY DELIVERABLES
Faculty profile and availability management
Subject and course management
Class and section management
Room and resource management
Faculty workload configuration
Timetable creation and management
Automatic conflict detection
Faculty availability conflict detection
Class and room collision detection
Workload and scheduling constraint validation
AI-assisted timetable generation
Alternative timetable suggestions
Conflict resolution recommendations
Manual timetable editing and override
Administrator approval workflow
Timetable version/history management
Faculty timetable view
Student/class timetable view
Notifications for timetable changes
Dashboard for unresolved conflicts
Workload and scheduling analytics
Timetable export and reporting"
AI-GIG-WORKER-EARNINGS-OPTIMIZATION-ASSISTANT,AI Gig Worker Earnings Optimization Assistant,Web Development; Agentic AI,Commerce,Tells a delivery rider when and where to work from demand and incentive data,"Transparent recommendations on when, where and which tasks",5 T [P21],2 J,3 J,2 J,3 J,4 T [P21],,,"AI-GIG-WORKER-EARNINGS-OPTIMIZATION-ASSISTANT Advanced General
AI Gig Worker Earnings Optimization Assistant
Web Development Agentic AI
INDUSTRY PLATFORM / TECH
Gig Economy / Logistics / Delivery / Mobility / Agentic AI, AI/ML, Predictive Analytics,
Workforce Platforms Recommendation Systems, Web Application,
Data Analytics, Geolocation, Real-Time Data,
Notifications
SCOPE
Gig Worker Earnings / Work Optimization / Task Selection / Income Analytics
DESCRIPTION
Develop an AI-powered assistant that helps gig workers understand and optimize their earnings
based on available work opportunities, working hours, location, demand patterns, incentives, and
historical performance. The assistant should provide personalized insights and recommendations on
when and where to work, which available tasks to consider, and how different work patterns may
affect earnings. The system should present these recommendations transparently so workers can
make their own decisions.
KEY DELIVERABLES
Gig-worker profile and preferences
Earnings and work-history tracking
Task/order opportunity data
Location and working-area management
Working-hour and availability configuration
Earnings analysis
Historical income analysis
Demand-pattern analysis
Peak-hour identification
High-demand area identification
Incentive and bonus tracking
Estimated earning analysis for available opportunities
AI-powered work recommendations
Personalized earning insights
Recommended working schedules
Location-based opportunity insights
Task/ride/order selection assistance
Earnings forecasting
Daily/weekly/monthly earning summaries
Goal and target management
Notifications and opportunity alerts
Interactive earnings dashboard
Maps and location visualization
Performance and productivity analytics
Recommendation explanations
User-controlled preferences and decisions
Historical recommendation tracking
Reports and data export"
AI-GMAIL-ACTION-FOLLOW-UP-ASSISTANT,AI Gmail Action & Follow-Up Assistant,Web Development; Vibe Coding; Agentic AI,Productivity,"Reads Gmail, extracts actions and deadlines, drafts replies, chases pending follow-ups","Action items, drafts and follow-up reminders with review before send",4 J,4 J,3 J,4 J,4 J,1 T [P10],,,"AI-GMAIL-ACTION-FOLLOW-UP-ASSISTANT Advanced General
AI Gmail Action & Follow-Up Assistant
Web Development Vibe Coding Agentic AI
INDUSTRY PLATFORM / TECH
Enterprise Productivity / Business Operations Agentic AI, Generative AI, LLMs, NLP, Gmail API,
/ Communication Web Application, Workflow Automation,
Notifications, Task Management
SCOPE
Email Management / Action Extraction / Task Automation / Follow-Up Management / Personal
Productivity
DESCRIPTION
Develop an AI-powered Gmail assistant that understands incoming and existing emails, identifies
actionable items, extracts deadlines and commitments, and helps users manage follow-ups. The
assistant should summarize important conversations, identify tasks that require action, draft
appropriate responses, track pending replies, and proactively remind users about unresolved or time-
sensitive emails. The system should support human review before sending emails or performing
consequential actions.
KEY DELIVERABLES
Gmail account integration
Email synchronization and organization
Email classification
Important email identification
Natural-language email understanding
Email summarization
Action-item extraction
Task and commitment identification
Deadline and date extraction
Follow-up requirement detection
Pending-response tracking
Sender and conversation context
AI-generated email reply drafts
Follow-up email drafting
Context-aware response suggestions
Human review before sending
Task creation from emails
Reminder and notification system
Follow-up scheduling
Priority and urgency classification
Conversation history and status
Search and filtering
Email/task dashboard
Action-item tracking
Follow-up analytics
User preferences and automation controls
Secure authentication and Gmail permissions
Audit/history of AI-generated actions"
AI-LECTURE-TO-LEARNING-MATERIAL-GENERATOR,AI Lecture-to-Learning Material Generator,Agentic AI,Education,"Lecture recording or notes become summaries, quizzes and flashcards","Lecture content converted into structured, editable study resources",3 J,2 J,4 J,5 J,4 J,1 T [P16],,,"AI-LECTURE-TO-LEARNING-MATERIAL-GENERATOR Advanced General
AI Lecture-to-Learning Material Generator
Agentic AI
INDUSTRY PLATFORM / TECH
Education / EdTech / Higher Education Agentic AI, Generative AI, LLMs, NLP, Speech-
to-Text, Document Processing, Web
Application, Recommendation Systems, Data
Analytics
SCOPE
Lecture Content Transformation / Learning Material Generation / Personalized Learning / Educational
Content Management
DESCRIPTION
Develop an AI-powered platform that converts lecture content into structured learning materials. The
system should accept lecture recordings, transcripts, notes, presentations, or other educational
content and automatically extract the important concepts and organize them into useful study
resources.
The platform should generate materials such as lecture summaries, structured notes, key concepts,
question-and-answer sets, quizzes, flashcards, and revision resources while preserving the context
and important information from the original lecture. It should allow students and educators to review,
edit, and organize the generated learning materials.
KEY DELIVERABLES
Lecture content upload and management
Support for audio/video recordings
Transcript and text input
Speech-to-text processing
Lecture transcription
Topic and concept extraction
Key-point identification
AI-generated lecture summaries
Structured study notes
Chapter/topic-wise organization
Important terminology extraction
Key concept explanations
Automatic question generation
Question-and-answer generation
Quiz generation
Multiple-choice questions
Flashcard generation
Revision material generation
Learning-objective extraction
Difficulty-level configuration
Personalized learning-material generation
Natural-language interaction with lecture content
AI-powered lecture Q&A
Search across lecture materials
Source/context references to the original lecture
Student editing and annotation
Educator review and editing
Saved learning-material library
Lecture and subject organization
Dashboard for students and educators
Progress and revision tracking
Export/download of generated materials
Notifications and revision reminders
Admin/content management
Analytics on generated learning materials
Human review and correction controls"
AI-MARKETING-CAMPAIGN-DIAGNOSIS-AGENT,AI Marketing Campaign Diagnosis Agent,Web Development; Vibe Coding; Agentic AI,Marketing,"Analyzes campaign metrics, finds what underperforms and why, recommends changes","Performance issues, possible causes and actionable recommendations",3 J,4 J,4 J,4 J,4 J,2 T [P11],,,"AI-MARKETING-CAMPAIGN-DIAGNOSIS-AGENT Advanced General
AI Marketing Campaign Diagnosis Agent
Web Development Vibe Coding Agentic AI
INDUSTRY PLATFORM / TECH
Marketing / Advertising / E-Commerce / Agentic AI, AI/ML, Generative AI, LLMs, NLP,
Digital Business Predictive Analytics, Web Application,
Marketing Analytics, Data Visualization
SCOPE
Marketing Analytics / Campaign Performance Diagnosis / Optimization / Decision Support
DESCRIPTION
Develop an AI-powered marketing campaign diagnosis agent that analyzes campaign data to identify
performance issues, understand their possible causes, and provide actionable recommendations. The
system should examine metrics such as reach, impressions, engagement, clicks, conversions, spend,
cost per acquisition, and audience performance. It should identify underperforming campaigns,
channels, audiences, or content and help marketers understand what may need to be changed.
KEY DELIVERABLES
Campaign creation and management
Marketing-channel data integration
Campaign performance data ingestion
KPI and metric tracking
Reach and impression analysis
Click and engagement analysis
Conversion analysis
Spend and budget analysis
Cost-per-click and cost-per-acquisition analysis
Audience-segment performance analysis
Channel-level performance analysis
Content/creative performance analysis
Campaign trend analysis
Underperforming campaign detection
Anomaly and performance-drop detection
AI-powered campaign diagnosis
Root-cause analysis assistance
Performance comparison across campaigns
AI-generated campaign insights
Optimization recommendations
Budget-allocation recommendations
Audience-targeting recommendations
Content/creative recommendations
Channel optimization suggestions
Natural-language campaign queries
Explainable recommendations
Campaign health/performance dashboard
Visual analytics and charts
Automated campaign summaries
Alerts for significant performance changes
Historical campaign analysis
Reports and data export
Human review before major campaign changes"
AI-MERCHANDISING-ASSISTANT-FOR-ONLINE-SELLERS,AI Merchandising Assistant for Online Sellers,Web Development; Agentic AI,Commerce,"Audits a seller's catalogue and proposes title, price and stock fixes for approval",Catalogue issues found; recommendations approved before applied,3 T [P15],3 J,4 J,4 J,4 J,2 T [P15],,,"AI-MERCHANDISING-ASSISTANT-FOR-ONLINE-SELLERS Advanced General
AI Merchandising Assistant for Online Sellers
Web Development Agentic AI
INDUSTRY PLATFORM / TECH
E-Commerce / Retail / Online Selling Agentic AI, AI/ML, Generative AI, LLMs, NLP,
Recommendation Systems, Web Application,
Product Catalogue, Sales Analytics, Data
Visualization
SCOPE
E-Commerce Merchandising / Product Optimization / Catalogue Management / Sales Analytics /
Seller Assistance
DESCRIPTION
Develop an AI-powered merchandising assistant that helps online sellers manage and optimize their
product catalogue and merchandising activities. The system should analyze product information,
pricing, inventory, sales performance, customer behavior, and catalogue quality to identify
opportunities and issues.
The assistant should provide actionable recommendations for product titles, descriptions, categories,
pricing, inventory, product positioning, promotions, and catalogue organization. Sellers should be able
to interact with the assistant using natural language and review or approve suggested changes before
they are applied.
KEY DELIVERABLES
Seller profile and store management
Product catalogue management
Product information and attribute management
Product title and description analysis
AI-generated product descriptions
Category and subcategory recommendations
Product attribute extraction
Catalogue quality checks
Missing-information detection
Product image/content quality insights
Pricing analysis
Price recommendation assistance
Competitor/product comparison where data is available
Sales and revenue analysis
Product performance analysis
Best-selling and slow-moving product identification
Inventory and stock-level analysis
Low-stock and stock-out alerts
Demand and sales trend analysis
Promotion and discount recommendations
Product bundling recommendations
Cross-selling and upselling suggestions
Product visibility and merchandising insights
Personalized seller recommendations
Natural-language seller assistant
Conversational product and sales queries
AI-generated business summaries
Recommendation explanations and supporting data
Seller review and approval before catalogue changes
Change history and version tracking
Product search, filtering, and sorting
Seller dashboard
Catalogue and sales analytics
Reports and data export
Notifications and alerts
Role-based access control
Secure seller and product data management"
AI-MOCK-INTERVIEW-PANEL-AGENT,AI Mock Interview Panel Agent,Web Development; Vibe Coding; Agentic AI,Education,"Role-aware interview with adaptive follow-ups, then a scored feedback report",Interactive interview with follow-ups and detailed feedback report,4 J,3 J,3 J,5 J,4 J,1 T [P9],,,"AI-MOCK-INTERVIEW-PANEL-AGENT Advanced General
AI Mock Interview Panel Agent
Web Development Vibe Coding Agentic AI
INDUSTRY PLATFORM / TECH
Education / Recruitment / HRTech / Career Agentic AI, Generative AI, NLP, Speech-to-
Development Text, Text-to-Speech, LLMs, Web Application,
Voice AI, Data Analytics
SCOPE
AI Mock Interviews / Interview Preparation / Candidate Assessment / Skill Evaluation
DESCRIPTION
Develop an AI-powered mock interview panel that simulates realistic technical, behavioral, and role-
specific interviews. The system should generate questions based on the candidate's target role,
experience level, skills, and selected interview type, conduct an interactive interview, ask relevant
follow-up questions based on previous responses, and evaluate the candidate's performance. It
should provide a detailed feedback report highlighting strengths, weaknesses, skill gaps,
communication quality, technical accuracy, and areas for improvement. Existing AI mock-interview
implementations demonstrate role-aware question generation, adaptive follow-ups, voice interaction,
transcripts, scoring, and progress analytics as practical components of such a system.
KEY DELIVERABLES
PS-60 — AI Mock Interview Panel Agent
Problem Statement ID: Not specified
Organization: Not specified
Department: Not specified
Target Domain: Agentic AI, Web Development, Vibe Coding
Difficulty: Advanced
Industry: Education / Recruitment / HRTech / Career Development
Scope: AI Mock Interviews / Interview Preparation / Candidate Assessment
Overview My/Team
Skill Evaluation
Platform/Tech: Agentic AI, Generative AI, NLP, Speech-to-Text, Text-to-Speech, LLMs, Web
Application, Voice AI, Data Analytics
Description:
Develop an AI-powered mock interview panel that simulates realistic technical, behavioral, and
role-specific interviews. The system should generate questions based on the candidate's target
role, experience level, skills, and selected interview type, conduct an interactive interview, ask
relevant follow-up questions based on previous responses, and evaluate the candidate's
performance. It should provide a detailed feedback report highlighting strengths, weaknesses, skill
gaps, communication quality, technical accuracy, and areas for improvement. Existing AI mock-
interview implementations demonstrate role-aware question generation, adaptive follow-ups,
voice interaction, transcripts, scoring, and progress analytics as practical components of such a
system.
Key Deliverables:
Candidate profile and target-role configuration
Role and skill-based interview generation
Technical interview mode
Behavioral interview mode
HR interview mode
System-design or domain-specific interview mode
AI-generated interview questions
Adaptive follow-up questions
Multi-round interview simulation
Voice-based interview interaction
Speech-to-text transcription
Text-to-speech interviewer
Real-time interview session interface
Evaluation of technical accuracy
Problem-solving assessment
Communication assessment
Behavioral-response assessment
Interview confidence and response-quality analysis
Skill-gap identification
AI-generated interview feedback
Detailed performance scorecard
Personalized improvement
Overview recommendations My Team
Interview transcript and session history
Progress tracking across multiple interviews
Candidate performance analytics dashboard
Downloadable interview reports
Configurable interview duration and difficulty
Human-review or configurable evaluation criteria where required"
AI-ORDER-TRACKING-ASSISTANT,AI Order Tracking Assistant,Web Development; Vibe Coding; Agentic AI,Commerce,Customer asks where the order is; assistant explains status and flags delays,Order status explained; delays notified; complex issues escalated,2 J,2 J,4 J,3 J,3 J,1 T [P27],,,"AI-ORDER-TRACKING-ASSISTANT Advanced General
AI Order Tracking Assistant
Web Development Vibe Coding Agentic AI
INDUSTRY PLATFORM / TECH
E-Commerce / Retail / Logistics / Quick Agentic AI, Generative AI, LLMs, NLP, Web
Commerce Application, Mobile Application, Order
Management, Maps API, Geolocation, Real-
Time Data, Notifications
SCOPE
Order Tracking / Customer Support / Delivery Management / Conversational Commerce / Logistics
Visibility
DESCRIPTION
Develop an AI-powered order tracking assistant that helps customers easily understand and track
their orders throughout the delivery lifecycle. The assistant should retrieve order information, provide
real-time or simulated status updates, explain delivery stages, and answer customer questions using
natural language.
The system should provide information such as order confirmation, preparation, dispatch, pickup,
estimated delivery time, delivery location, and completion status. It should proactively notify
customers about important changes such as delays, failed delivery attempts, or changes in the
expected delivery time. Complex issues should be escalated to customer-support teams.
KEY DELIVERABLES
Customer registration and authentication
Order history and order lookup
Natural-language order queries
AI-based order identification
Order status tracking
Order lifecycle management
Status explanations in simple language
Order confirmation tracking
Processing/preparation status
Dispatch and pickup status
Delivery-partner status
Estimated delivery time
Delivery-location information
Live or simulated order location tracking
Map-based order visualization
Delivery route information
Delay detection and notifications
Updated ETA calculation
Failed-delivery handling
Delivery rescheduling support
Customer cancellation/request workflow where applicable
Automated customer notifications
Proactive delivery updates
Conversational AI assistant
Context-aware order Q&A
Multiple-order handling
Order timeline
Customer support escalation
AI-generated order summaries
Delivery issue classification
Support-ticket creation
Customer communication history
Order tracking dashboard
Delivery analytics
Average delivery-time monitoring
Delay and exception analytics
Admin/order-operations dashboard
Role-based access control
Secure customer and order data management
Audit trail for order-status and support actions"
AI-PERSONAL-FINANCIAL-INTELLIGENCE-PLATFORM,AI Personal Financial Intelligence Platform,Web Development; Agentic AI,Finance,"Consolidates transactions, categorizes spending, tracks budgets and goals","Spending patterns, insights, budgets and plans",3 J,2 J,4 J,3 J,3 J,2 T [P25],,,"AI-PERSONAL-FINANCIAL-INTELLIGENCE-PLATFORM Advanced General
AI Personal Financial Intelligence Platform
Web Development Agentic AI
INDUSTRY PLATFORM / TECH
FinTech / Personal Finance / Banking AI/ML, Agentic AI, Generative AI, LLMs, NLP,
Web Application, Financial Analytics, Data
Visualization, Recommendation Systems
SCOPE
Personal Financial Management / Expense Intelligence / Financial Planning / Financial Decision Support
DESCRIPTION
Develop an AI-powered personal financial intelligence platform that helps users understand and
manage their finances. The platform should consolidate financial information such as income,
expenses, transactions, savings, and financial goals, then use AI to identify spending patterns, provide
personalized insights, track budgets, and assist users in planning their finances.
KEY DELIVERABLES
User financial profile
Income and expense management
Transaction tracking
Expense categorization
Budget creation and monitoring
Spending-pattern analysis
Financial goal management
Savings tracking
AI-powered financial insights
Natural-language financial queries
Personalized budgeting
Overview recommendations My Team
Expense and spending alerts
Overspending detection
Recurring payment/subscription tracking
Cash-flow analysis
Financial trend visualization
Savings recommendations
Goal-progress tracking
Monthly/weekly financial summaries
AI-generated financial reports
Financial dashboard
Transaction history and search
Data visualization and analytics
Configurable notifications and preferences
Secure financial-data management
Exportable financial reports"
AI-POWERED-PERSONALIZED-LEARNING-PLATFORM,AI-Powered Personalized Learning Platform,Web Development; Agentic AI,Education,Adapts lessons and difficulty to each student's gaps over time,Learning paths that adapt to performance over time,3 J,3 J,3 J,4 J,2 J,,,,"AI-POWERED-PERSONALIZED-LEARNING-PLATFORM Advanced General
AI-Powered Personalized Learning Platform
Web Development Agentic AI
INDUSTRY PLATFORM / TECH
Education / EdTech / Higher Education AI/ML, Agentic AI, Generative AI, LLMs, NLP,
Recommendation Systems, Adaptive Learning,
Web Application, Data Analytics
SCOPE
Personalized Learning / Adaptive Education / Student Performance / Learning Recommendations
DESCRIPTION
Develop an AI-powered personalized learning platform that adapts the learning experience to each
student's knowledge level, learning goals, pace, strengths, and weaknesses. The platform should
analyze student performance and learning behavior to identify knowledge gaps and recommend
appropriate learning resources, activities, and learning paths.
The system should continuously use assessment results, learning progress, interactions, and other
relevant learning data to adjust recommendations and difficulty levels. Students should receive
personalized explanations, practice activities, and progress insights, while educators should be able to
monitor learner progress and provide targeted support.
KEY DELIVERABLES
Student registration and profile management
Learning goals and preference management
Course and subject management
Learning-content repository
Student skill/knowledge assessment
Initial knowledge-level identification
Learning-path generation
AI-based personalized
Overview recommendations My Team
Knowledge-gap identification
Adaptive content selection
Difficulty-level adaptation
Personalized lessons and explanations
Practice-question generation
Personalized quizzes and assessments
Adaptive question difficulty
Learning progress tracking
Performance and score analysis
Strength and weakness identification
Personalized revision recommendations
Learning-resource recommendations
Natural-language AI learning assistant
Student Q&A and concept explanations
Personalized study plans
Daily/weekly learning goals
Progress reminders and notifications
Learning history
Progress visualization and analytics
Educator dashboard
Class/student performance monitoring
Targeted intervention recommendations
Course and content management
Recommendation feedback mechanism
AI recommendation explanations
Reports and data export
Role-based access control
Secure student learning-data management
Model/recommendation performance monitoring"
AI-RESEARCH-LITERATURE-DISCOVERY-AGENT,AI Research Literature Discovery Agent,Web Development; Vibe Coding; Agentic AI,Research & Startups,"Finds, ranks and summarizes papers for a research question with source links","Relevant literature discovered, summarized, compared; gaps identified",3 J,4 J,4 J,5 J,4 J,1 T [P7],,,"AI-RESEARCH-LITERATURE-DISCOVERY-AGENT Advanced General
AI Research Literature Discovery Agent
Web Development Vibe Coding Agentic AI
INDUSTRY PLATFORM / TECH
Research / Education / R&D / Academic Agentic AI, Generative AI, LLMs, NLP, Semantic
Technology Search, Recommendation Systems,
Knowledge Graphs, Web Application,
Document Processing, Data Analytics
SCOPE
Research Literature Discovery / Academic Search / Literature Review / Research Intelligence
DESCRIPTION
Develop an AI-powered research literature discovery agent that helps researchers efficiently discover,
understand, and organize relevant academic papers and research literature. The system should
understand a researcher's topic, keywords, research questions, or uploaded papers and identify
relevant literature based on semantic similarity and research context.
The agent should summarize papers, identify key findings, methods, datasets, and limitations, and help
researchers discover related or influential work. It should organize discovered literature and support
comparison of papers, citation/context analysis, and identification of research gaps or emerging
topics.
KEY DELIVERABLES
Researcher profile and research-interest management
Research topic/question input
Keyword and query management
Academic paper search and discovery
Semantic similarity-based paper recommendations
Relevant-paper ranking
Paper metadata extraction
Abstract and full-text document processing
AI-generated paper summaries
Key findings and contribution extraction
Research methodology extraction
Dataset and experiment identification
Limitations and future-work extraction
Citation and reference analysis
Related-paper discovery
Similar and influential paper identification
Paper comparison
Research topic clustering
Research trend identification
Emerging-topic detection
Research-gap identification assistance
Natural-language conversational research assistant
Follow-up literature search
Saved papers and reading lists
Research workspace/library
Notes and annotations
Search history
Citation/reference organization
Source-grounded responses with paper references
Content provenance and source links
Personalized literature recommendations
Dashboard and research analytics
Exportable literature summaries/reports
Human review and verification of AI-generated research insights"
AI-ROLE-BASED-EMPLOYEE-DAILY-ASSISTANT,AI Role-Based Employee Daily Assistant,Web Development; Vibe Coding; Agentic AI,Productivity,,"Role-specific daily plan, priorities and reminders",2 J,2 J,3 J,2 J,2 J,,duplicate: of AI-ASSISTANT-FOR-WORKERS,,"AI-ROLE-BASED-EMPLOYEE-DAILY-ASSISTANT Advanced General
AI Role-Based Employee Daily Assistant
Web Development Vibe Coding Agentic AI
INDUSTRY PLATFORM / TECH
Enterprise / Human Resources / Business Agentic AI, Generative AI, LLMs, NLP, Web
Operations Application, Workflow Automation, Task
Management, Notifications, Data Analytics
SCOPE
Employee Productivity / Role-Based Task Management / Daily Work Assistance / Workflow
Automation
DESCRIPTION
Develop an AI-powered daily assistant that adapts to an employee's job role, responsibilities,
priorities, and ongoing work. The assistant should help employees plan their daily activities,
understand pending tasks, prioritize work, track progress, and receive relevant reminders. It should
use available work context to provide role-specific suggestions and assist with routine tasks while
keeping the employee in control of important decisions and actions.
KEY DELIVERABLES
Employee profile and role configuration
Role-specific responsibility management
Daily task and activity management
Task creation and assignment
Priority and urgency classification
Daily work-plan generation
AI-powered task prioritization
Pending-task identification
Deadline and commitment tracking
Personalized daily recommendations
Context-aware work suggestions
Meeting and schedule awareness
Task reminders and notifications
Progress tracking
Completed/pending task views
Natural-language interaction with the assistant
AI-generated task summaries
Follow-up and action-item tracking
Recurring task management
Role-specific workflows
Team and manager task visibility where permitted
Daily/weekly productivity summaries
Work-history and activity tracking
Dashboard and analytics
User-configurable automation and notification preferences
Secure role-based access control
Audit/history of AI-assisted actions"
AI-SHOPPING-DECISION-ASSISTANT,AI Shopping Decision Assistant,Web Development; Vibe Coding; Agentic AI,Commerce,,UNKNOWN: page body is the Teaching statement's text,2 J,2 J,3 J,3 J,3 J,,"other: the platform shows the Teaching & Assignment Evaluation text under this title, so the real statement is unreadable",,"AI-SHOPPING-DECISION-ASSISTANT Advanced General
AI Shopping Decision Assistant
Web Development Vibe Coding Agentic AI
INDUSTRY PLATFORM / TECH
Education / EdTech / Higher Education Agentic AI, AI/ML, Generative AI, LLMs, NLP,
OCR, Document Processing, Web Application,
Data Analytics, Recommendation Systems
SCOPE
Teaching Assistance / Assignment Evaluation / Automated Assessment / Personalized Feedback /
Academic Performance
DESCRIPTION
Develop an AI-powered teaching and assignment evaluation assistant that helps educators reduce
the time spent on routine academic evaluation and teaching-related activities. The system should
allow educators to upload assignments, question papers, rubrics, notes, and other educational
material, then analyze student submissions against defined evaluation criteria.
The assistant should evaluate objective and subjective answers where appropriate, provide structured
feedback, identify common mistakes and learning gaps, and generate useful insights for educators.
Teachers should be able to review, modify, and approve AI-generated evaluations before they are
finalized.
KEY DELIVERABLES
Teacher and student profile management
Course, subject, class, and assignment management
Assignment creation
Question paper and rubric upload
Custom evaluation criteria
Student submission upload
Support for text and document submissions
OCR for scanned submissions
AI-based answer evaluation
Objective-answer evaluation
Subjective-answer assessment
Rubric-based grading
Marks/score generation
Partial-credit assessment
Answer relevance analysis
Concept and keyword matching
Plagiarism/similarity detection assistance
Common mistake identification
Learning-gap identification
Personalized student feedback
Strength and weakness analysis
AI-generated explanations for evaluation
Teacher review and score modification
Human approval before final grading
Assignment-wise performance analytics
Student-wise performance tracking
Class-level performance analysis
Question-wise difficulty/performance analysis
Frequently incorrect-question identification
AI-generated teaching insights
Recommended remedial learning topics
Personalized practice recommendations
Automated evaluation summaries
Student progress dashboard
Teacher dashboard
Assignment history and version tracking
Notifications and feedback sharing
Reports and data export
Role-based access control
Secure handling of student academic data
Evaluation audit trail and AI decision history"
AI-STARTUP-IDEA-VALIDATION-AGENT,AI Startup Idea Validation Agent,Web Development; Vibe Coding; Agentic AI,Research & Startups,Researches market and competitors for an idea; writes a sourced validation report,Structured validation report with evidence-based insights,3 J,4 J,4 J,4 J,4 J,1 T [P12],,,"AI-STARTUP-IDEA-VALIDATION-AGENT Advanced General
AI Startup Idea Validation Agent
Web Development Vibe Coding Agentic AI
INDUSTRY PLATFORM / TECH
Startups / Entrepreneurship / Business Agentic AI, Generative AI, LLMs, NLP, Web
Innovation / Venture Building Application, Market Research,
Recommendation Systems, Data Analytics,
Web Search
SCOPE
Startup Idea Validation / Market Research / Competitor Analysis / Business Feasibility /
Entrepreneurial Decision Support
DESCRIPTION
Develop an AI-powered startup idea validation agent that helps entrepreneurs evaluate and refine
business ideas before investing significant time and resources. The agent should understand the
proposed idea, target customers, problem being solved, value proposition, business model, and
market segment.
The system should assist with market research, customer/problem analysis, competitor discovery,
differentiation analysis, business-model evaluation, and identification of potential risks and
assumptions. It should generate a structured validation report with evidence-based insights and
recommendations for further validation.
KEY DELIVERABLES
Startup idea submission and management
Problem statement and value-proposition analysis
Target customer identification
Customer segment analysis
Market and industry analysis
Market-size estimation assistance
Customer pain-point analysis
Competitor discovery
Competitor comparison
Competitive-gap identification
Differentiation analysis
Business-model analysis
Revenue-model evaluation
Pricing considerations
Market trend analysis
Risk and assumption identification
AI-powered feasibility analysis
SWOT-style analysis
Validation-question generation
Customer interview-question generation
MVP feature recommendations
Go-to-market considerations
Natural-language conversational startup assistant
Evidence/source collection for research findings
Confidence/context for AI-generated insights
Structured startup validation report
Idea comparison and version history
Validation checklist and progress tracking
Dashboard and visual summaries
Exportable reports
Human review and decision-making controls"
SMART-HOSTEL-COMPLAINT-MANAGEMENT-PLATFORM,Smart Hostel Complaint Management Platform,Web Development; Vibe Coding; Agentic AI,Education,"Students file complaints; AI classifies, de-duplicates, prioritizes and routes them","Complaints reported, prioritized, assigned and resolved efficiently",4 J,2 J,5 J,3 J,4 J,2 T [P6],,,"SMART-HOSTEL-COMPLAINT-MANAGEMENT-PLATFORM Advanced General
Smart Hostel Complaint Management Platform
Web Development Vibe Coding Agentic AI
INDUSTRY PLATFORM / TECH
Education / Campus Management / Student Agentic AI, AI/ML, NLP, Web Application,
Services Mobile Application, Workflow Automation,
Notifications, Data Analytics, Dashboard
SCOPE
Hostel Complaint Management / Issue Tracking / Maintenance Management / Student Services /
Workflow Automation
DESCRIPTION
Develop a smart hostel complaint management platform that enables students to report hostel-
related issues and allows hostel administrators and maintenance teams to efficiently manage,
prioritize, assign, and resolve complaints.
The platform should support complaints related to areas such as rooms, electricity, plumbing,
sanitation, food, internet, security, and other hostel facilities. AI can assist in automatically categorizing
complaints, identifying priority or severity, detecting duplicate complaints, routing issues to the
appropriate team, and providing insights into recurring problems.
KEY DELIVERABLES
Student registration and authentication
Hostel, block, floor, and room management
Complaint submission
Complaint category and subcategory management
Text, image, and attachment support
Complaint location/room identification
AI-based complaint classification
Automatic priority/severity
Overview detection My Team
Duplicate complaint detection
Automatic complaint routing
Maintenance-team assignment
Complaint status workflow
SLA and resolution-time tracking
Real-time complaint status updates
Student notifications
Admin and maintenance dashboards
Complaint search and filtering
Escalation for unresolved complaints
Complaint history and resolution records
Recurring-issue identification
Hostel-wise and category-wise analytics
Maintenance workload analytics
Average resolution-time tracking
AI-generated issue summaries and insights
Student feedback and satisfaction rating
Reports and data export
Role-based access control
Audit trail for complaint actions
Secure student and hostel data management"
AI-TEACHING-ASSIGNMENT-EVALUATION-ASSISTANT,AI Teaching & Assignment Evaluation Assistant,Web Development; Vibe Coding; Agentic AI,Education,Grades student answers against the teacher's rubric with feedback; teacher approves,Submissions evaluated against criteria; teacher reviews and approves,5 T [P1],4 J,4 J,4 J,4 J,3 J,,,"AI-TEACHING-ASSIGNMENT-EVALUATION-ASSISTANT Advanced General
AI Teaching & Assignment Evaluation Assistant
Web Development Vibe Coding Agentic AI
INDUSTRY PLATFORM / TECH
Education / EdTech / Higher Education Agentic AI, AI/ML, Generative AI, LLMs, NLP,
OCR, Document Processing, Web Application,
Data Analytics, Recommendation Systems
SCOPE
Teaching Assistance / Assignment Evaluation / Automated Assessment / Personalized Feedback /
Academic Performance
DESCRIPTION
Develop an AI-powered teaching and assignment evaluation assistant that helps educators reduce
the time spent on routine academic evaluation and teaching-related activities. The system should
allow educators to upload assignments, question papers, rubrics, notes, and other educational
material, then analyze student submissions against defined evaluation criteria.
The assistant should evaluate objective and subjective answers where appropriate, provide structured
feedback, identify common mistakes and learning gaps, and generate useful insights for educators.
Teachers should be able to review, modify, and approve AI-generated evaluations before they are
finalized.
KEY DELIVERABLES
Teacher and student profile management
Course, subject, class, and assignment management
Assignment creation
Question paper and rubric upload
Custom evaluation criteria
Student submission upload
Support for text and document submissions
OCR for scanned submissions
AI-based answer evaluation
Objective-answer evaluation
Subjective-answer assessment
Rubric-based grading
Marks/score generation
Partial-credit assessment
Answer relevance analysis
Concept and keyword matching
Plagiarism/similarity detection assistance
Common mistake identification
Learning-gap identification
Personalized student feedback
Strength and weakness analysis
AI-generated explanations for evaluation
Teacher review and score modification
Human approval before final grading
Assignment-wise performance analytics
Student-wise performance tracking
Class-level performance analysis
Question-wise difficulty/performance analysis
Frequently incorrect-question identification
AI-generated teaching insights
Recommended remedial learning topics
Personalized practice recommendations
Automated evaluation summaries
Student progress dashboard
Teacher dashboard
Assignment history and version tracking
Notifications and feedback sharing
Reports and data export
Role-based access control
Secure handling of student academic data
Evaluation audit trail and AI decision history"
AI-WHATSAPP-ORDER-AGENT-FOR-LOCAL-STORES,AI WhatsApp Order Agent for Local Stores,Web Development; Vibe Coding; Agentic AI,Commerce,"Customer orders in plain WhatsApp text; agent matches catalogue, clarifies, creates order",Natural-language orders created; store manages; customer gets updates,4 J,4 J,3 J,3 J,5 J,2 T [P8],,,"AI-WHATSAPP-ORDER-AGENT-FOR-LOCAL-STORES Advanced General
AI WhatsApp Order Agent for Local Stores
Web Development Vibe Coding Agentic AI
INDUSTRY PLATFORM / TECH
Retail / E-Commerce / Local Commerce / Agentic AI, Generative AI, LLMs, NLP,
Quick Commerce WhatsApp Business API, Web Application,
Product Catalogue, Order Management,
Payment Integration, Notifications
SCOPE
WhatsApp Commerce / Order Management / Conversational Shopping / Local Store Automation
DESCRIPTION
Develop an AI-powered WhatsApp ordering agent that enables customers to discover products,
check availability, place orders, and receive order updates through a conversational interface. The
agent should understand natural-language requests, identify products from the store catalogue,
handle quantities and order details, clarify missing information, and create orders for the local store. It
should also support store-side order management and provide customers with relevant order status
updates.
KEY DELIVERABLES
WhatsApp-based conversational ordering
Customer registration and identification
Product catalogue integration
Product search and discovery
Natural-language product queries
Product availability checking
Quantity and variant handling
Cart management
Order creationOverview My Team
Address and delivery-detail collection
AI-based intent and product understanding
Clarification of incomplete orders
Price and order-total calculation
Order confirmation
Order status tracking
Customer order-history access
Order notifications and updates
Store-side order dashboard
Accept/reject order management
Inventory/stock availability integration
Customer and store communication
Payment integration or payment-status handling
Multilingual conversational support
Admin controls and configuration
Order history and analytics
Secure handling of customer and order information"
AUTONOMOUS-PRODUCT-RETURN-RESOLUTION-AGENT,Autonomous Product Return Resolution Agent,Web Development; Agentic AI,Commerce,"Agent checks a return request against order and policy, resolves or escalates","Eligibility verified, resolution workflow chosen, exceptions escalated to humans",4 T [P13],5 J,4 J,3 J,4 J,3 T [P13],,,"AUTONOMOUS-PRODUCT-RETURN-RESOLUTION-AGENT Advanced General
Autonomous Product Return Resolution Agent
Web Development Agentic AI
INDUSTRY PLATFORM / TECH
E-Commerce / Retail / Customer Service / Agentic AI, Generative AI, LLMs, NLP, Web
Logistics Application, Workflow Automation, Order
Management, Recommendation Systems,
Notifications, Data Analytics
SCOPE
Product Returns / Refund Management / Customer Support / Return Workflow Automation / Order
Resolution
DESCRIPTION
Develop an autonomous AI-powered product return resolution agent that helps e-commerce
businesses handle customer return requests efficiently. The agent should understand customer return
requests, retrieve relevant order and product information, verify return eligibility based on applicable
policies, and determine the appropriate resolution workflow.
The system should support return, replacement, refund, and exchange processes while handling
customer communication, return status tracking, and follow-ups. It should use order history, product
details, return policies, delivery information, and customer-provided reasons or evidence to assist
with resolution. Important or exceptional cases should be escalated for human review.
KEY DELIVERABLES
Customer authentication and profile management
Order and product information retrieval
Return-request creation
Return reason collection
Product/order eligibility verification
Return-policy evaluation
AI-based return request understanding
Return reason classification
Image/document evidence support
Product condition assessment assistance
Return, replacement, refund, and exchange workflows
AI-powered resolution recommendations
Automated customer communication
Clarification questions for incomplete requests
Return pickup scheduling
Return shipment tracking
Refund-status tracking
Replacement-order tracking
Exchange management
Exception and dispute handling
Human escalation for complex or high-risk cases
Human approval for consequential actions where required
Natural-language customer support
Return-status notifications
Automated follow-up and reminders
Customer return history
Order and return timeline
Return dashboard for support teams
AI-generated case summaries
Policy and decision explanations
Return analytics and reporting
Common return-reason analysis
Refund/return trend analysis
SLA and resolution-time tracking
Admin policy and workflow configuration
Role-based access control
Audit trail of AI and user actions
Secure customer, order, and payment-related data handling"
AI-SOFTWARE-INCIDENT-RESPONSE-AGENT,AI Software Incident Response Agent,Agentic AI [U: chips not saved],Security & DevOps,"Agent detects, investigates and responds to software incidents from logs","Detect, investigate and respond to incidents [U: text truncated]",4 J,5 J,3 J,4 T [P14],3 J,2 T [P14],,,"[U] full text not saved in inputs/problem-statements; only the dashboard card (title, tags, first two lines) was captured"
AI-FARM-DECISION-SUPPORT-PLATFORM,AI Farm Decision Support Platform,Agentic AI [U: chips not saved],Agriculture,"Advises farmers through the crop cycle from weather, soil and crop data",Informed decisions across the crop cycle [U: text truncated],5 J,3 J,3 J,3 J,3 J,2 T [P17],,,"[U] full text not saved in inputs/problem-statements; only the dashboard card (title, tags, first two lines) was captured"
REAL-TIME-IDENTIFICATION-OF-FRAUD-LINKED-CRYPTOCURRENCY-EXCHANGES,Real-Time Identification of Fraud-Linked Cryptocurrency Exchanges from Victim-Reported Suspect Wallet Addresses through Automated Blockchain Analytics,Agentic AI [U: chips not saved],Security & DevOps,,Nearest exchange identified for a reported wallet,4 J,3 J,2 J,1 J,3 J,,duplicate: of REAL-TIME-CRYPTO-FRAUD-ATTRIBUTION-SYSTEM,,"[U] full text not saved in inputs/problem-statements; only the dashboard card (title, tags, first two lines) was captured"
REAL-TIME-CRYPTO-FRAUD-ATTRIBUTION-SYSTEM,Real-Time Crypto Fraud Attribution System,Agentic AI [U: chips not saved],Security & DevOps,,Nearest exchange identified for a reported wallet,4 J,3 J,2 J,1 J,3 J,,data: exchange (VASP) wallet labels are proprietary and multi-chain indexing cannot be honestly seeded in an hour,,"[U] full text not saved in inputs/problem-statements; only the dashboard card (title, tags, first two lines) was captured"
AUTOMATED-BLOCKCHAIN-INTELLIGENCE-AND-VASP-ATTRIBUTION-ENGINE,Automated Blockchain Intelligence & VASP Attribution Engine,Agentic AI [U: chips not saved],Security & DevOps,,VASP identified for law enforcement via SAHYOG portal,4 J,3 J,2 J,1 J,3 J,,"hardware: needs API integration with the SAHYOG portal, a live government system",,"[U] full text not saved in inputs/problem-statements; only the dashboard card (title, tags, first two lines) was captured"
